{
  "type": "FeatureCollection",
  "features": [
    {
      "type": "Feature",
      "geometry": {
        "type": "Polygon",
        "coordinates": [
          [
            [
              39.2835907368231,
              -4.6468338500021105,
              0
            ],
            [
              39.28169807580559,
              -4.64627995665461,
              0
            ],
            [
              39.281716493021804,
              -4.645060888748958,
              0
            ],
            [
              39.28193763811157,
              -4.644073453826763,
              0
            ],
            [
              39.28262800178089,
              -4.643297439625087,
              0
            ],
            [
              39.28340870234979,
              -4.643101765134304,
              0
            ],
            [
              39.284545975116714,
              -4.643264630558178,
              0
            ],
            [
              39.28578838762405,
              -4.643718547173194,
              0
            ],
            [
              39.28675995041141,
              -4.645186371154068,
              0
            ],
            [
              39.285046699645534,
              -4.646372218103352,
              0
            ],
            [
              39.2835907368231,
              -4.6468338500021105,
              0
            ]
          ]
        ]
      },
      "properties": {
        "OGC_FID": 0,
        "OBJECTID": 1,
        "OID_": 0,
        "Name": "Msojo",
        "SymbolID": 0,
        "AltMode": 0,
        "Base": 0,
        "Clamped": -1,
        "Extruded": 0,
        "Snippet": null,
        "PopupInfo": null,
        "Shape_Leng": 0.0138895105625,
        "Shape_Le_1": 0.013889511144,
        "Shape_Area": 0.0000134844760067
      }
    },
    {
      "type": "Feature",
      "geometry": {
        "type": "Polygon",
        "coordinates": [
          [
            [
              39.28700022138315,
              -4.641148113894303,
              0
            ],
            [
              39.28676599205693,
              -4.639812897647062,
              0
            ],
            [
              39.28722835330592,
              -4.638741371616959,
              0
            ],
            [
              39.287630371844216,
              -4.637882910268047,
              0
            ],
            [
              39.28887332664277,
              -4.637716123800033,
              0
            ],
            [
              39.290240291656175,
              -4.638313151330806,
              0
            ],
            [
              39.29033449474122,
              -4.638346134866197,
              0
            ],
            [
              39.29146119867545,
              -4.639650852404884,
              0
            ],
            [
              39.29153238181402,
              -4.639811894903005,
              0
            ],
            [
              39.291536679674095,
              -4.639876191932672,
              0
            ],
            [
              39.29216494875345,
              -4.642205336207269,
              0
            ],
            [
              39.292127914671596,
              -4.64393591061372,
              0
            ],
            [
              39.29190073423155,
              -4.6453232632579216,
              0
            ],
            [
              39.29141162534631,
              -4.64650542478546,
              0
            ],
            [
              39.29057540962748,
              -4.646704873730869,
              0
            ],
            [
              39.2893086812507,
              -4.6455565222156565,
              0
            ],
            [
              39.2873236032018,
              -4.643063221990076,
              0
            ],
            [
              39.28700022138315,
              -4.641148113894303,
              0
            ]
          ]
        ]
      },
      "properties": {
        "OGC_FID": 1,
        "OBJECTID": 2,
        "OID_": 0,
        "Name": "Mlimani",
        "SymbolID": 0,
        "AltMode": 0,
        "Base": 0,
        "Clamped": -1,
        "Extruded": 0,
        "Snippet": null,
        "PopupInfo": null,
        "Shape_Leng": 0.0228077327392,
        "Shape_Le_1": 0.0228077323052,
        "Shape_Area": 0.0000338098654414
      }
    },
    {
      "type": "Feature",
      "geometry": {
        "type": "Polygon",
        "coordinates": [
          [
            [
              39.29894563823069,
              -4.613940059785875,
              0
            ],
            [
              39.300467016839434,
              -4.613717929039126,
              0
            ],
            [
              39.3016433480621,
              -4.614143062852008,
              0
            ],
            [
              39.30185192242834,
              -4.614858864744747,
              0
            ],
            [
              39.301790193862416,
              -4.615459572301347,
              0
            ],
            [
              39.301518166030576,
              -4.616163695598004,
              0
            ],
            [
              39.3012577574396,
              -4.616432859089116,
              0
            ],
            [
              39.300868342000456,
              -4.616414955385835,
              0
            ],
            [
              39.30031782470792,
              -4.616325333447321,
              0
            ],
            [
              39.299642783687545,
              -4.615640766807871,
              0
            ],
            [
              39.29960669928977,
              -4.615622672448353,
              0
            ],
            [
              39.29920585256809,
              -4.614767514309278,
              0
            ],
            [
              39.29894563823069,
              -4.613940059785875,
              0
            ]
          ]
        ]
      },
      "properties": {
        "OGC_FID": 2,
        "OBJECTID": 3,
        "OID_": 0,
        "Name": "Bumbu",
        "SymbolID": 0,
        "AltMode": 0,
        "Base": 0,
        "Clamped": -1,
        "Extruded": 0,
        "Snippet": null,
        "PopupInfo": null,
        "Shape_Leng": 0.00902832494449,
        "Shape_Le_1": 0.00902832571037,
        "Shape_Area": 0.00000561764065785
      }
    },
    {
      "type": "Feature",
      "geometry": {
        "type": "Polygon",
        "coordinates": [
          [
            [
              39.30156842464311,
              -4.630133482773942,
              0
            ],
            [
              39.301205882745364,
              -4.629119590696519,
              0
            ],
            [
              39.301001476736815,
              -4.628155005748852,
              0
            ],
            [
              39.30083864458783,
              -4.627169070895832,
              0
            ],
            [
              39.301073276810314,
              -4.626465804653094,
              0
            ],
            [
              39.30223976585256,
              -4.626818697724673,
              0
            ],
            [
              39.303327098366935,
              -4.627491666706987,
              0
            ],
            [
              39.30429554680211,
              -4.628735965092687,
              0
            ],
            [
              39.30443599842266,
              -4.629993113891032,
              0
            ],
            [
              39.304010602007736,
              -4.6310328740678415,
              0
            ],
            [
              39.303234533846705,
              -4.63128335504274,
              0
            ],
            [
              39.30234145219629,
              -4.631124273066689,
              0
            ],
            [
              39.30156842464311,
              -4.630133482773942,
              0
            ]
          ]
        ]
      },
      "properties": {
        "OGC_FID": 3,
        "OBJECTID": 4,
        "OID_": 0,
        "Name": "Bumbu_ya_nje",
        "SymbolID": 0,
        "AltMode": 0,
        "Base": 0,
        "Clamped": -1,
        "Extruded": 0,
        "Snippet": null,
        "PopupInfo": null,
        "Shape_Leng": 0.0132453222753,
        "Shape_Le_1": 0.0132453234485,
        "Shape_Area": 0.0000115563052152
      }
    },
    {
      "type": "Feature",
      "geometry": {
        "type": "Polygon",
        "coordinates": [
          [
            [
              39.24869570684143,
              -4.584473560706215,
              0
            ],
            [
              39.24867805494836,
              -4.584050055565569,
              0
            ],
            [
              39.24878283316127,
              -4.583994543113647,
              0
            ],
            [
              39.248933029835484,
              -4.584033126727377,
              0
            ],
            [
              39.249077903422574,
              -4.584113738358269,
              0
            ],
            [
              39.24913379628771,
              -4.584300477185252,
              0
            ],
            [
              39.249156982608724,
              -4.584493595802769,
              0
            ],
            [
              39.24916902003429,
              -4.584680747418531,
              0
            ],
            [
              39.24909497885022,
              -4.584764572327117,
              0
            ],
            [
              39.24897310902179,
              -4.584794722098707,
              0
            ],
            [
              39.2488134361912,
              -4.584745495907839,
              0
            ],
            [
              39.24869570684143,
              -4.584473560706215,
              0
            ]
          ]
        ]
      },
      "properties": {
        "OGC_FID": 4,
        "OBJECTID": 5,
        "OID_": 0,
        "Name": "Rekeoni",
        "SymbolID": 0,
        "AltMode": 0,
        "Base": 0,
        "Clamped": -1,
        "Extruded": 0,
        "Snippet": null,
        "PopupInfo": null,
        "Shape_Leng": 0.00214108044043,
        "Shape_Le_1": 0.0021410809431,
        "Shape_Area": 3.04965752817e-7
      }
    },
    {
      "type": "Feature",
      "geometry": {
        "type": "Polygon",
        "coordinates": [
          [
            [
              39.25472499836002,
              -4.587963378107361,
              0
            ],
            [
              39.25464749388681,
              -4.587461608566343,
              0
            ],
            [
              39.25478737893445,
              -4.587320342160012,
              0
            ],
            [
              39.25508907090398,
              -4.5873880323317735,
              0
            ],
            [
              39.25539208487686,
              -4.587508627820853,
              0
            ],
            [
              39.25553379824623,
              -4.587719315593915,
              0
            ],
            [
              39.255581302235385,
              -4.587976465941097,
              0
            ],
            [
              39.25559973923663,
              -4.588513317135835,
              0
            ],
            [
              39.255462785079544,
              -4.588808658093058,
              0
            ],
            [
              39.255174115293244,
              -4.588831767971669,
              0
            ],
            [
              39.25489621398913,
              -4.588446760109832,
              0
            ],
            [
              39.254893443177934,
              -4.588416495225033,
              0
            ],
            [
              39.25472499836002,
              -4.587963378107361,
              0
            ]
          ]
        ]
      },
      "properties": {
        "OGC_FID": 5,
        "OBJECTID": 6,
        "OID_": 0,
        "Name": "Tunga",
        "SymbolID": 0,
        "AltMode": 0,
        "Base": 0,
        "Clamped": -1,
        "Extruded": 0,
        "Snippet": null,
        "PopupInfo": null,
        "Shape_Leng": 0.00399820585279,
        "Shape_Le_1": 0.00399820620247,
        "Shape_Area": 0.00000102046454352
      }
    },
    {
      "type": "Feature",
      "geometry": {
        "type": "Polygon",
        "coordinates": [
          [
            [
              39.26385824865929,
              -4.58810656456626,
              0
            ],
            [
              39.26374383061335,
              -4.58770463056419,
              0
            ],
            [
              39.26374484504862,
              -4.587495215331899,
              0
            ],
            [
              39.26385383029009,
              -4.587234645762237,
              0
            ],
            [
              39.264070939222506,
              -4.587009535561549,
              0
            ],
            [
              39.264443633566884,
              -4.58718622716259,
              0
            ],
            [
              39.26465795190302,
              -4.587524366855973,
              0
            ],
            [
              39.26476602792991,
              -4.5878370341517325,
              0
            ],
            [
              39.26463813444241,
              -4.5881438297738555,
              0
            ],
            [
              39.264222989399514,
              -4.588317758657581,
              0
            ],
            [
              39.26385824865929,
              -4.58810656456626,
              0
            ]
          ]
        ]
      },
      "properties": {
        "OGC_FID": 6,
        "OBJECTID": 7,
        "OID_": 0,
        "Name": "Vijibweni",
        "SymbolID": 0,
        "AltMode": 0,
        "Base": 0,
        "Clamped": -1,
        "Extruded": 0,
        "Snippet": null,
        "PopupInfo": null,
        "Shape_Leng": 0.00357009086651,
        "Shape_Le_1": 0.00357009084108,
        "Shape_Area": 9.3028784282e-7
      }
    },
    {
      "type": "Feature",
      "geometry": {
        "type": "Polygon",
        "coordinates": [
          [
            [
              39.26951098504395,
              -4.6303936413534075,
              0
            ],
            [
              39.274615561259225,
              -4.6353357055783135,
              0
            ],
            [
              39.27406664655854,
              -4.637270882944847,
              0
            ],
            [
              39.272705455192636,
              -4.637118787801796,
              0
            ],
            [
              39.27179408313049,
              -4.636996923369281,
              0
            ],
            [
              39.27053899467893,
              -4.636600455446626,
              0
            ],
            [
              39.270037136104975,
              -4.635705752318586,
              0
            ],
            [
              39.26953003628222,
              -4.634537844146166,
              0
            ],
            [
              39.269189936966086,
              -4.632877621904697,
              0
            ],
            [
              39.26951098504395,
              -4.6303936413534075,
              0
            ]
          ]
        ]
      },
      "properties": {
        "OGC_FID": 7,
        "OBJECTID": 8,
        "OID_": 0,
        "Name": "Sii_ya_ndani",
        "SymbolID": 0,
        "AltMode": 0,
        "Base": 0,
        "Clamped": -1,
        "Extruded": 0,
        "Snippet": null,
        "PopupInfo": null,
        "Shape_Leng": 0.0192202967941,
        "Shape_Le_1": 0.0192202965887,
        "Shape_Area": 0.0000200169955863
      }
    },
    {
      "type": "Feature",
      "geometry": {
        "type": "Polygon",
        "coordinates": [
          [
            [
              39.27774626407887,
              -4.6365653531084945,
              0
            ],
            [
              39.27720967278822,
              -4.6348436693998,
              0
            ],
            [
              39.27725433581901,
              -4.633704749074866,
              0
            ],
            [
              39.2775287864244,
              -4.6326071031352285,
              0
            ],
            [
              39.27801166480651,
              -4.631483578304426,
              0
            ],
            [
              39.278561043557374,
              -4.631163222704515,
              0
            ],
            [
              39.27922906267116,
              -4.63094879375177,
              0
            ],
            [
              39.28001080195702,
              -4.631021503039904,
              0
            ],
            [
              39.28118326879286,
              -4.631522645753478,
              0
            ],
            [
              39.28235521492127,
              -4.632403675589103,
              0
            ],
            [
              39.282492829180796,
              -4.63435036517717,
              0
            ],
            [
              39.28240408318197,
              -4.6362505229432145,
              0
            ],
            [
              39.28195340862294,
              -4.637826815954725,
              0
            ],
            [
              39.28127878039146,
              -4.639379044906946,
              0
            ],
            [
              39.27946613475439,
              -4.638470270086827,
              0
            ],
            [
              39.27774626407887,
              -4.6365653531084945,
              0
            ]
          ]
        ]
      },
      "properties": {
        "OGC_FID": 8,
        "OBJECTID": 9,
        "OID_": 0,
        "Name": "Kifunguni",
        "SymbolID": 0,
        "AltMode": 0,
        "Base": 0,
        "Clamped": -1,
        "Extruded": 0,
        "Snippet": null,
        "PopupInfo": null,
        "Shape_Leng": 0.021941283388,
        "Shape_Le_1": 0.0219412838847,
        "Shape_Area": 0.0000331100018988
      }
    },
    {
      "type": "Feature",
      "geometry": {
        "type": "Polygon",
        "coordinates": [
          [
            [
              39.29560854459868,
              -4.634761357150865,
              0
            ],
            [
              39.29367960672852,
              -4.632214566149287,
              0
            ],
            [
              39.294328663636975,
              -4.631344994575784,
              0
            ],
            [
              39.2955378264096,
              -4.630759919034972,
              0
            ],
            [
              39.29691137895702,
              -4.630712615594689,
              0
            ],
            [
              39.29812532342498,
              -4.63139866971278,
              0
            ],
            [
              39.298168121261824,
              -4.633316233857045,
              0
            ],
            [
              39.29815973598306,
              -4.63350493500468,
              0
            ],
            [
              39.29771608422993,
              -4.635086725571853,
              0
            ],
            [
              39.29560854459868,
              -4.634761357150865,
              0
            ]
          ]
        ]
      },
      "properties": {
        "OGC_FID": 9,
        "OBJECTID": 10,
        "OID_": 0,
        "Name": "Nyamani_ya_ndani",
        "SymbolID": 0,
        "AltMode": 0,
        "Base": 0,
        "Clamped": -1,
        "Extruded": 0,
        "Snippet": null,
        "PopupInfo": null,
        "Shape_Leng": 0.0142742247828,
        "Shape_Le_1": 0.0142742259869,
        "Shape_Area": 0.0000142186674002
      }
    },
    {
      "type": "Feature",
      "geometry": {
        "type": "Polygon",
        "coordinates": [
          [
            [
              39.28753579374194,
              -4.632350086787028,
              0
            ],
            [
              39.28613732008131,
              -4.63143091670338,
              0
            ],
            [
              39.28576898115364,
              -4.630005608172212,
              0
            ],
            [
              39.28579958058623,
              -4.62885373311326,
              0
            ],
            [
              39.28638171264595,
              -4.628245700578589,
              0
            ],
            [
              39.287617158105434,
              -4.628603336674587,
              0
            ],
            [
              39.28863853434092,
              -4.629310919663169,
              0
            ],
            [
              39.28906150258632,
              -4.630652757618634,
              0
            ],
            [
              39.28909968690107,
              -4.632208303270545,
              0
            ],
            [
              39.28753579374194,
              -4.632350086787028,
              0
            ]
          ]
        ]
      },
      "properties": {
        "OGC_FID": 10,
        "OBJECTID": 11,
        "OID_": 0,
        "Name": "Nyamani_ya_juu",
        "SymbolID": 0,
        "AltMode": 0,
        "Base": 0,
        "Clamped": -1,
        "Extruded": 0,
        "Snippet": null,
        "PopupInfo": null,
        "Shape_Leng": 0.0122016302594,
        "Shape_Le_1": 0.0122016311813,
        "Shape_Area": 0.0000102991501681
      }
    },
    {
      "type": "Feature",
      "geometry": {
        "type": "Polygon",
        "coordinates": [
          [
            [
              39.30186101367491,
              -4.640600255897027,
              0
            ],
            [
              39.30239177376143,
              -4.639130709714436,
              0
            ],
            [
              39.30309293559054,
              -4.638589918589844,
              0
            ],
            [
              39.30397521728253,
              -4.638756773406328,
              0
            ],
            [
              39.30475725514327,
              -4.639295727215995,
              0
            ],
            [
              39.305500423405874,
              -4.640033168595835,
              0
            ],
            [
              39.30601649936199,
              -4.640640011327434,
              0
            ],
            [
              39.30653385595275,
              -4.641715132847082,
              0
            ],
            [
              39.306904513332654,
              -4.643115177623315,
              0
            ],
            [
              39.305881905025956,
              -4.644328839704144,
              0
            ],
            [
              39.30419578590687,
              -4.644516102835837,
              0
            ],
            [
              39.302871587254,
              -4.644925358218643,
              0
            ],
            [
              39.30147484388897,
              -4.642962119306333,
              0
            ],
            [
              39.30186101367491,
              -4.640600255897027,
              0
            ]
          ]
        ]
      },
      "properties": {
        "OGC_FID": 11,
        "OBJECTID": 12,
        "OID_": 0,
        "Name": "Magoye",
        "SymbolID": 0,
        "AltMode": 0,
        "Base": 0,
        "Clamped": -1,
        "Extruded": 0,
        "Snippet": null,
        "PopupInfo": null,
        "Shape_Leng": 0.0182527497836,
        "Shape_Le_1": 0.0182527507668,
        "Shape_Area": 0.0000237084435798
      }
    },
    {
      "type": "Feature",
      "geometry": {
        "type": "Polygon",
        "coordinates": [
          [
            [
              39.30039423560555,
              -4.637926826861531,
              0
            ],
            [
              39.29930829614102,
              -4.636515976730891,
              0
            ],
            [
              39.29914245486043,
              -4.635255556198899,
              0
            ],
            [
              39.2994345708488,
              -4.633747384134438,
              0
            ],
            [
              39.30080564756264,
              -4.633598120057172,
              0
            ],
            [
              39.30223060895548,
              -4.634080847353175,
              0
            ],
            [
              39.302961397150796,
              -4.63507270244321,
              0
            ],
            [
              39.302995537214315,
              -4.636870878887919,
              0
            ],
            [
              39.302369125234975,
              -4.637891503290177,
              0
            ],
            [
              39.30039423560555,
              -4.637926826861531,
              0
            ]
          ]
        ]
      },
      "properties": {
        "OGC_FID": 12,
        "OBJECTID": 13,
        "OID_": 0,
        "Name": "Mashuu",
        "SymbolID": 0,
        "AltMode": 0,
        "Base": 0,
        "Clamped": -1,
        "Extruded": 0,
        "Snippet": null,
        "PopupInfo": null,
        "Shape_Leng": 0.0136747850849,
        "Shape_Le_1": 0.0136747852744,
        "Shape_Area": 0.0000136912801429
      }
    },
    {
      "type": "Feature",
      "geometry": {
        "type": "Polygon",
        "coordinates": [
          [
            [
              39.27271009119778,
              -4.64534869698474,
              0
            ],
            [
              39.27262152596268,
              -4.643837138972742,
              0
            ],
            [
              39.272436012911726,
              -4.642541741108403,
              0
            ],
            [
              39.27271799084264,
              -4.641514774687039,
              0
            ],
            [
              39.273457417026236,
              -4.6406206318366685,
              0
            ],
            [
              39.274921643718926,
              -4.6403574191595,
              0
            ],
            [
              39.27620819944889,
              -4.641143871792224,
              0
            ],
            [
              39.27748335986922,
              -4.642614508852432,
              0
            ],
            [
              39.27849119501269,
              -4.644615259386683,
              0
            ],
            [
              39.27896317720894,
              -4.64658519914758,
              0
            ],
            [
              39.279175394728725,
              -4.647862813817767,
              0
            ],
            [
              39.278385905984806,
              -4.649047881954118,
              0
            ],
            [
              39.276848150721605,
              -4.6491456040863,
              0
            ],
            [
              39.27487121603383,
              -4.648458495962757,
              0
            ],
            [
              39.27336824924538,
              -4.647294810107326,
              0
            ],
            [
              39.27273509414931,
              -4.645521998141646,
              0
            ],
            [
              39.272730099314686,
              -4.645487377840141,
              0
            ],
            [
              39.27271009119778,
              -4.64534869698474,
              0
            ]
          ]
        ]
      },
      "properties": {
        "OGC_FID": 13,
        "OBJECTID": 14,
        "OID_": 0,
        "Name": "Matale",
        "SymbolID": 0,
        "AltMode": 0,
        "Base": 0,
        "Clamped": -1,
        "Extruded": 0,
        "Snippet": null,
        "PopupInfo": null,
        "Shape_Leng": 0.0245673042378,
        "Shape_Le_1": 0.0245673040952,
        "Shape_Area": 0.000041836312683
      }
    },
    {
      "type": "Feature",
      "geometry": {
        "type": "Polygon",
        "coordinates": [
          [
            [
              39.27007866230048,
              -4.5887438160742136,
              0
            ],
            [
              39.27088200959713,
              -4.588475255128856,
              0
            ],
            [
              39.27189739814645,
              -4.588921853061038,
              0
            ],
            [
              39.272581054672,
              -4.589604256830967,
              0
            ],
            [
              39.272600013280055,
              -4.590167592160583,
              0
            ],
            [
              39.27227445600141,
              -4.590659232637449,
              0
            ],
            [
              39.271631217706556,
              -4.590722910034231,
              0
            ],
            [
              39.271050778170945,
              -4.590167610147034,
              0
            ],
            [
              39.27047382710549,
              -4.589800193923736,
              0
            ],
            [
              39.27045328658994,
              -4.589778472598368,
              0
            ],
            [
              39.27007866230048,
              -4.5887438160742136,
              0
            ]
          ]
        ]
      },
      "properties": {
        "OGC_FID": 14,
        "OBJECTID": 15,
        "OID_": 0,
        "Name": "Mwakiandani",
        "SymbolID": 0,
        "AltMode": 0,
        "Base": 0,
        "Clamped": -1,
        "Extruded": 0,
        "Snippet": null,
        "PopupInfo": null,
        "Shape_Leng": 0.00733953794096,
        "Shape_Le_1": 0.00733953729678,
        "Shape_Area": 0.00000349163039727
      }
    },
    {
      "type": "Feature",
      "geometry": {
        "type": "Polygon",
        "coordinates": [
          [
            [
              39.28628193736159,
              -4.621482690873449,
              0
            ],
            [
              39.28729732860887,
              -4.621030834605278,
              0
            ],
            [
              39.28829518037833,
              -4.620735391125379,
              0
            ],
            [
              39.28850310633334,
              -4.620999112818765,
              0
            ],
            [
              39.28850911920057,
              -4.621040862945449,
              0
            ],
            [
              39.28862876500557,
              -4.621400927210971,
              0
            ],
            [
              39.28862786568351,
              -4.621411079657548,
              0
            ],
            [
              39.28854467929358,
              -4.621830905671686,
              0
            ],
            [
              39.28819729456956,
              -4.622045868821715,
              0
            ],
            [
              39.28798539720839,
              -4.622209651554101,
              0
            ],
            [
              39.28765761320835,
              -4.62222888535473,
              0
            ],
            [
              39.28727748686657,
              -4.622209871888003,
              0
            ],
            [
              39.287040597345765,
              -4.622238630408447,
              0
            ],
            [
              39.28668902987488,
              -4.6221332586429185,
              0
            ],
            [
              39.28650841992771,
              -4.622017298259664,
              0
            ],
            [
              39.28628193736159,
              -4.621482690873449,
              0
            ]
          ]
        ]
      },
      "properties": {
        "OGC_FID": 15,
        "OBJECTID": 16,
        "OID_": 0,
        "Name": "Lekeoni",
        "SymbolID": 0,
        "AltMode": 0,
        "Base": 0,
        "Clamped": -1,
        "Extruded": 0,
        "Snippet": null,
        "PopupInfo": null,
        "Shape_Leng": 0.00613384076779,
        "Shape_Le_1": 0.00613384068365,
        "Shape_Area": 0.00000240814096022
      }
    },
    {
      "type": "Feature",
      "geometry": {
        "type": "Polygon",
        "coordinates": [
          [
            [
              39.29203511902557,
              -4.6234242102590315,
              0
            ],
            [
              39.29383678214185,
              -4.623509653048018,
              0
            ],
            [
              39.29462120320602,
              -4.623829350344181,
              0
            ],
            [
              39.294675946737584,
              -4.623829334156426,
              0
            ],
            [
              39.2962395943818,
              -4.624745961856604,
              0
            ],
            [
              39.296457865238324,
              -4.625393569957225,
              0
            ],
            [
              39.29637423278467,
              -4.626006144967562,
              0
            ],
            [
              39.29634636639173,
              -4.626566374938193,
              0
            ],
            [
              39.2959420338978,
              -4.627114741052424,
              0
            ],
            [
              39.2950020597973,
              -4.6270025506271395,
              0
            ],
            [
              39.29378238215128,
              -4.626433012673374,
              0
            ],
            [
              39.29303095721298,
              -4.62612403079936,
              0
            ],
            [
              39.29240530516074,
              -4.625593925419253,
              0
            ],
            [
              39.291884958324204,
              -4.624869886635906,
              0
            ],
            [
              39.29203511902557,
              -4.6234242102590315,
              0
            ]
          ]
        ]
      },
      "properties": {
        "OGC_FID": 16,
        "OBJECTID": 17,
        "OID_": 0,
        "Name": "Smati",
        "SymbolID": 0,
        "AltMode": 0,
        "Base": 0,
        "Clamped": -1,
        "Extruded": 0,
        "Snippet": null,
        "PopupInfo": null,
        "Shape_Leng": 0.0133322353213,
        "Shape_Le_1": 0.0133322352152,
        "Shape_Area": 0.0000115841403642
      }
    },
    {
      "type": "Feature",
      "geometry": {
        "type": "Polygon",
        "coordinates": [
          [
            [
              39.295401118666746,
              -4.5769069042302135,
              0
            ],
            [
              39.29530789134617,
              -4.576778158185391,
              0
            ],
            [
              39.29530933295939,
              -4.576614354768594,
              0
            ],
            [
              39.29533834688726,
              -4.576527250931861,
              0
            ],
            [
              39.29539530365042,
              -4.5764660106978,
              0
            ],
            [
              39.29543315341732,
              -4.576389499076072,
              0
            ],
            [
              39.295481870591914,
              -4.576355091014591,
              0
            ],
            [
              39.29548873331845,
              -4.576351610638255,
              0
            ],
            [
              39.29556492388218,
              -4.576335859911978,
              0
            ],
            [
              39.29571497756422,
              -4.576431526193915,
              0
            ],
            [
              39.29578739007604,
              -4.576551431902999,
              0
            ],
            [
              39.29580362014099,
              -4.576672838580578,
              0
            ],
            [
              39.295803489739285,
              -4.576674262207405,
              0
            ],
            [
              39.2957924019978,
              -4.5767423732618795,
              0
            ],
            [
              39.29576112267773,
              -4.576831861201413,
              0
            ],
            [
              39.29570978667738,
              -4.57689744516091,
              0
            ],
            [
              39.295619226746,
              -4.576966352115392,
              0
            ],
            [
              39.295401118666746,
              -4.5769069042302135,
              0
            ]
          ]
        ]
      },
      "properties": {
        "OGC_FID": 17,
        "OBJECTID": 18,
        "OID_": 0,
        "Name": "Makimatu",
        "SymbolID": 0,
        "AltMode": 0,
        "Base": 0,
        "Clamped": -1,
        "Extruded": 0,
        "Snippet": null,
        "PopupInfo": null,
        "Shape_Leng": 0.00175760554577,
        "Shape_Le_1": 0.00175760536922,
        "Shape_Area": 2.32283427923e-7
      }
    },
    {
      "type": "Feature",
      "geometry": {
        "type": "Polygon",
        "coordinates": [
          [
            [
              39.293346691196916,
              -4.583715648058671,
              0
            ],
            [
              39.29320771536385,
              -4.583634950092801,
              0
            ],
            [
              39.29315005533084,
              -4.583513508341696,
              0
            ],
            [
              39.29312608120375,
              -4.583460369200623,
              0
            ],
            [
              39.29312101172536,
              -4.583385851375908,
              0
            ],
            [
              39.29310816940654,
              -4.583341388893928,
              0
            ],
            [
              39.293107742228585,
              -4.583264316095267,
              0
            ],
            [
              39.29306517821544,
              -4.583106362768376,
              0
            ],
            [
              39.293097457581666,
              -4.582941896551233,
              0
            ],
            [
              39.29324084009272,
              -4.58287414612488,
              0
            ],
            [
              39.29336185916253,
              -4.582773626201856,
              0
            ],
            [
              39.29364101502085,
              -4.582796599383528,
              0
            ],
            [
              39.29400818482992,
              -4.583141451616655,
              0
            ],
            [
              39.29396956434397,
              -4.5835534679181364,
              0
            ],
            [
              39.293822733832144,
              -4.583772734324157,
              0
            ],
            [
              39.29356131440318,
              -4.5837571598650015,
              0
            ],
            [
              39.293346691196916,
              -4.583715648058671,
              0
            ]
          ]
        ]
      },
      "properties": {
        "OGC_FID": 18,
        "OBJECTID": 19,
        "OID_": 0,
        "Name": "Kifungu_Mwandege",
        "SymbolID": 0,
        "AltMode": 0,
        "Base": 0,
        "Clamped": -1,
        "Extruded": 0,
        "Snippet": null,
        "PopupInfo": null,
        "Shape_Leng": 0.00314059471851,
        "Shape_Le_1": 0.00314059479685,
        "Shape_Area": 7.27353347527e-7
      }
    },
    {
      "type": "Feature",
      "geometry": {
        "type": "Polygon",
        "coordinates": [
          [
            [
              39.29555888943128,
              -4.593872191948037,
              0
            ],
            [
              39.29515685110783,
              -4.593848314048387,
              0
            ],
            [
              39.29495675914717,
              -4.593610580963514,
              0
            ],
            [
              39.294823731430085,
              -4.593416537842927,
              0
            ],
            [
              39.29471742616835,
              -4.593163277962844,
              0
            ],
            [
              39.294696975585,
              -4.592906835382109,
              0
            ],
            [
              39.294746291708066,
              -4.592664736987956,
              0
            ],
            [
              39.294928495253885,
              -4.592229450728496,
              0
            ],
            [
              39.29530169141998,
              -4.592029715798674,
              0
            ],
            [
              39.2957165837534,
              -4.592156527401755,
              0
            ],
            [
              39.29596443870793,
              -4.592576609722698,
              0
            ],
            [
              39.29617371184736,
              -4.592952243950833,
              0
            ],
            [
              39.29619909341346,
              -4.593256384774293,
              0
            ],
            [
              39.296012763778094,
              -4.593596794356529,
              0
            ],
            [
              39.29555888943128,
              -4.593872191948037,
              0
            ]
          ]
        ]
      },
      "properties": {
        "OGC_FID": 19,
        "OBJECTID": 20,
        "OID_": 0,
        "Name": "Kulijani",
        "SymbolID": 0,
        "AltMode": 0,
        "Base": 0,
        "Clamped": -1,
        "Extruded": 0,
        "Snippet": null,
        "PopupInfo": null,
        "Shape_Leng": 0.00519864533804,
        "Shape_Le_1": 0.0051986453421,
        "Shape_Area": 0.00000202056776511
      }
    },
    {
      "type": "Feature",
      "geometry": {
        "type": "Polygon",
        "coordinates": [
          [
            [
              39.293447309146075,
              -4.609849854986749,
              0
            ],
            [
              39.292999873945064,
              -4.609443564668709,
              0
            ],
            [
              39.29279053695376,
              -4.608921984861638,
              0
            ],
            [
              39.292968796972445,
              -4.6081324511516755,
              0
            ],
            [
              39.29322867136614,
              -4.607821156221348,
              0
            ],
            [
              39.293434372398394,
              -4.607684343257802,
              0
            ],
            [
              39.29375002634271,
              -4.6076214653583065,
              0
            ],
            [
              39.294090980014744,
              -4.607888096358522,
              0
            ],
            [
              39.29436475343067,
              -4.608319110838238,
              0
            ],
            [
              39.29431388777573,
              -4.608958584570985,
              0
            ],
            [
              39.294052483635255,
              -4.609628090264096,
              0
            ],
            [
              39.293447309146075,
              -4.609849854986749,
              0
            ]
          ]
        ]
      },
      "properties": {
        "OGC_FID": 20,
        "OBJECTID": 21,
        "OID_": 0,
        "Name": "Maraani",
        "SymbolID": 0,
        "AltMode": 0,
        "Base": 0,
        "Clamped": -1,
        "Extruded": 0,
        "Snippet": null,
        "PopupInfo": null,
        "Shape_Leng": 0.00589840658892,
        "Shape_Le_1": 0.00589840605452,
        "Shape_Area": 0.00000253506793662
      }
    },
    {
      "type": "Feature",
      "geometry": {
        "type": "Polygon",
        "coordinates": [
          [
            [
              39.29124447195488,
              -4.614109808620697,
              0
            ],
            [
              39.290879079206206,
              -4.613888580793343,
              0
            ],
            [
              39.29078919286701,
              -4.613542774379482,
              0
            ],
            [
              39.290849158761716,
              -4.613125798316901,
              0
            ],
            [
              39.29092894661363,
              -4.612961046115345,
              0
            ],
            [
              39.291048543855254,
              -4.612843705272724,
              0
            ],
            [
              39.291198179352534,
              -4.6127953226459795,
              0
            ],
            [
              39.291433769353034,
              -4.612755998890179,
              0
            ],
            [
              39.29163921857514,
              -4.612933345197689,
              0
            ],
            [
              39.29175086221255,
              -4.613193958834074,
              0
            ],
            [
              39.29180770656046,
              -4.6134458634358,
              0
            ],
            [
              39.291782647850994,
              -4.6138279979637105,
              0
            ],
            [
              39.291570218990444,
              -4.614069658387962,
              0
            ],
            [
              39.29124447195488,
              -4.614109808620697,
              0
            ]
          ]
        ]
      },
      "properties": {
        "OGC_FID": 21,
        "OBJECTID": 22,
        "OID_": 0,
        "Name": "Tunga",
        "SymbolID": 0,
        "AltMode": 0,
        "Base": 0,
        "Clamped": -1,
        "Extruded": 0,
        "Snippet": null,
        "PopupInfo": null,
        "Shape_Leng": 0.00379851226065,
        "Shape_Le_1": 0.00379851197679,
        "Shape_Area": 0.00000107656972286
      }
    },
    {
      "type": "Feature",
      "geometry": {
        "type": "Polygon",
        "coordinates": [
          [
            [
              39.29030415161537,
              -4.615549533284309,
              0
            ],
            [
              39.29012059009324,
              -4.615215328124862,
              0
            ],
            [
              39.290130159779096,
              -4.6149756282226235,
              0
            ],
            [
              39.29023904069925,
              -4.614810575647482,
              0
            ],
            [
              39.29037987812893,
              -4.614710294044812,
              0
            ],
            [
              39.29059370903252,
              -4.61461475996316,
              0
            ],
            [
              39.29074427442879,
              -4.614671939758182,
              0
            ],
            [
              39.290830149791645,
              -4.614768119553048,
              0
            ],
            [
              39.29086229695747,
              -4.614857780162367,
              0
            ],
            [
              39.29092923889334,
              -4.61497301839006,
              0
            ],
            [
              39.290961368072715,
              -4.6151560268291405,
              0
            ],
            [
              39.2909418356972,
              -4.615445506904564,
              0
            ],
            [
              39.290636046416466,
              -4.615648328307657,
              0
            ],
            [
              39.29030415161537,
              -4.615549533284309,
              0
            ]
          ]
        ]
      },
      "properties": {
        "OGC_FID": 22,
        "OBJECTID": 23,
        "OID_": 0,
        "Name": "Umbwiga",
        "SymbolID": 0,
        "AltMode": 0,
        "Base": 0,
        "Clamped": -1,
        "Extruded": 0,
        "Snippet": null,
        "PopupInfo": null,
        "Shape_Leng": 0.00293369853581,
        "Shape_Le_1": 0.00293369932768,
        "Shape_Area": 6.46070306295e-7
      }
    },
    {
      "type": "Feature",
      "geometry": {
        "type": "Polygon",
        "coordinates": [
          [
            [
              39.29095546672147,
              -4.616654310847707,
              0
            ],
            [
              39.290732808971995,
              -4.616574141683259,
              0
            ],
            [
              39.29057475132379,
              -4.616419578800446,
              0
            ],
            [
              39.290523012427116,
              -4.616144658748965,
              0
            ],
            [
              39.29054997320276,
              -4.615959137604079,
              0
            ],
            [
              39.2906195951183,
              -4.615785379591557,
              0
            ],
            [
              39.29078293088759,
              -4.615695450984219,
              0
            ],
            [
              39.29096951503112,
              -4.615605855126091,
              0
            ],
            [
              39.29121820905317,
              -4.615645663616419,
              0
            ],
            [
              39.291396353059326,
              -4.615775164192428,
              0
            ],
            [
              39.29150007097155,
              -4.616073403664586,
              0
            ],
            [
              39.29144412774434,
              -4.616414398705501,
              0
            ],
            [
              39.29118923829276,
              -4.6166122540522565,
              0
            ],
            [
              39.29095546672147,
              -4.616654310847707,
              0
            ]
          ]
        ]
      },
      "properties": {
        "OGC_FID": 23,
        "OBJECTID": 24,
        "OID_": 0,
        "Name": "Usuni",
        "SymbolID": 0,
        "AltMode": 0,
        "Base": 0,
        "Clamped": -1,
        "Extruded": 0,
        "Snippet": null,
        "PopupInfo": null,
        "Shape_Leng": 0.00319916810017,
        "Shape_Le_1": 0.00319916752615,
        "Shape_Area": 7.90009847794e-7
      }
    },
    {
      "type": "Feature",
      "geometry": {
        "type": "Polygon",
        "coordinates": [
          [
            [
              39.29145860143336,
              -4.61757383076764,
              0
            ],
            [
              39.29123131577268,
              -4.61741267135767,
              0
            ],
            [
              39.29114538375251,
              -4.617249089174095,
              0
            ],
            [
              39.29109522856203,
              -4.617041011233653,
              0
            ],
            [
              39.29116612571619,
              -4.616861225065463,
              0
            ],
            [
              39.29127215758405,
              -4.616757801231472,
              0
            ],
            [
              39.29134874924546,
              -4.616712088691884,
              0
            ],
            [
              39.29144311061111,
              -4.6166819901816325,
              0
            ],
            [
              39.291532061655346,
              -4.61667647194156,
              0
            ],
            [
              39.2916870310317,
              -4.616662099875953,
              0
            ],
            [
              39.291822783694556,
              -4.6167230766086504,
              0
            ],
            [
              39.29187907675805,
              -4.616890776787898,
              0
            ],
            [
              39.29191914335382,
              -4.617046470118453,
              0
            ],
            [
              39.291932012652296,
              -4.617219194809934,
              0
            ],
            [
              39.291858005642496,
              -4.617396684109622,
              0
            ],
            [
              39.291690423274474,
              -4.617557063807396,
              0
            ],
            [
              39.29145860143336,
              -4.61757383076764,
              0
            ]
          ]
        ]
      },
      "properties": {
        "OGC_FID": 24,
        "OBJECTID": 25,
        "OID_": 0,
        "Name": "Madenge",
        "SymbolID": 0,
        "AltMode": 0,
        "Base": 0,
        "Clamped": -1,
        "Extruded": 0,
        "Snippet": null,
        "PopupInfo": null,
        "Shape_Leng": 0.00276818939046,
        "Shape_Le_1": 0.00276818961581,
        "Shape_Area": 5.8608917164e-7
      }
    },
    {
      "type": "Feature",
      "geometry": {
        "type": "Polygon",
        "coordinates": [
          [
            [
              39.288145328144424,
              -4.619748413058744,
              0
            ],
            [
              39.28787984108186,
              -4.619622616790309,
              0
            ],
            [
              39.28767272991263,
              -4.619335796909468,
              0
            ],
            [
              39.28763394934731,
              -4.619107923092145,
              0
            ],
            [
              39.28770486628662,
              -4.618885208685413,
              0
            ],
            [
              39.287858431821235,
              -4.618769823868206,
              0
            ],
            [
              39.28791832936747,
              -4.618773510189271,
              0
            ],
            [
              39.28801527538468,
              -4.618788197916956,
              0
            ],
            [
              39.28812662584318,
              -4.618795513002453,
              0
            ],
            [
              39.288256721770324,
              -4.618873510304184,
              0
            ],
            [
              39.28840245690793,
              -4.61894371228243,
              0
            ],
            [
              39.28840649486392,
              -4.6189499931476234,
              0
            ],
            [
              39.288500065725486,
              -4.6190988516306675,
              0
            ],
            [
              39.28852516580383,
              -4.619293313835328,
              0
            ],
            [
              39.28850748423304,
              -4.619497468932991,
              0
            ],
            [
              39.28838386702188,
              -4.61966875291057,
              0
            ],
            [
              39.288145328144424,
              -4.619748413058744,
              0
            ]
          ]
        ]
      },
      "properties": {
        "OGC_FID": 25,
        "OBJECTID": 26,
        "OID_": 0,
        "Name": "Kijito_Manyani",
        "SymbolID": 0,
        "AltMode": 0,
        "Base": 0,
        "Clamped": -1,
        "Extruded": 0,
        "Snippet": null,
        "PopupInfo": null,
        "Shape_Leng": 0.00293463917741,
        "Shape_Le_1": 0.00293463886009,
        "Shape_Area": 6.50632156675e-7
      }
    },
    {
      "type": "Feature",
      "geometry": {
        "type": "Polygon",
        "coordinates": [
          [
            [
              39.28021459912452,
              -4.6150989720399025,
              0
            ],
            [
              39.27986395975398,
              -4.615142686285878,
              0
            ],
            [
              39.279599542884625,
              -4.6148950876381605,
              0
            ],
            [
              39.27939771523245,
              -4.6143877207167066,
              0
            ],
            [
              39.27941039117667,
              -4.613894086442883,
              0
            ],
            [
              39.27961972457069,
              -4.613677127697258,
              0
            ],
            [
              39.27976775297947,
              -4.6135256180128295,
              0
            ],
            [
              39.279946366431716,
              -4.6134073301840886,
              0
            ],
            [
              39.28024425696691,
              -4.613485167406509,
              0
            ],
            [
              39.28056096761463,
              -4.613555625691504,
              0
            ],
            [
              39.28085493620637,
              -4.613773145614118,
              0
            ],
            [
              39.2810036885694,
              -4.613986746291289,
              0
            ],
            [
              39.28107835028567,
              -4.614325769118921,
              0
            ],
            [
              39.28108411314133,
              -4.6145521122900846,
              0
            ],
            [
              39.28086586926452,
              -4.614924435214448,
              0
            ],
            [
              39.2805338566522,
              -4.615071128130012,
              0
            ],
            [
              39.28021459912452,
              -4.6150989720399025,
              0
            ]
          ]
        ]
      },
      "properties": {
        "OGC_FID": 26,
        "OBJECTID": 27,
        "OID_": 0,
        "Name": "Jafuu",
        "SymbolID": 0,
        "AltMode": 0,
        "Base": 0,
        "Clamped": -1,
        "Extruded": 0,
        "Snippet": null,
        "PopupInfo": null,
        "Shape_Leng": 0.00542987796586,
        "Shape_Le_1": 0.00542987804263,
        "Shape_Area": 0.00000224725276608
      }
    },
    {
      "type": "Feature",
      "geometry": {
        "type": "Polygon",
        "coordinates": [
          [
            [
              39.27999042421874,
              -4.6129165629489535,
              0
            ],
            [
              39.279460770298385,
              -4.612699660860585,
              0
            ],
            [
              39.279027426574544,
              -4.6122978698507495,
              0
            ],
            [
              39.278904759047464,
              -4.611693353665316,
              0
            ],
            [
              39.278897794697514,
              -4.61129826620197,
              0
            ],
            [
              39.27899216685506,
              -4.611012842968307,
              0
            ],
            [
              39.279194202250665,
              -4.610812962348291,
              0
            ],
            [
              39.279475789875846,
              -4.6107839601116325,
              0
            ],
            [
              39.279713889884135,
              -4.610637242914379,
              0
            ],
            [
              39.279938609779094,
              -4.610666812623265,
              0
            ],
            [
              39.280242435839796,
              -4.610725606701351,
              0
            ],
            [
              39.2804401877645,
              -4.611143116061896,
              0
            ],
            [
              39.28062850490164,
              -4.612026719757239,
              0
            ],
            [
              39.28051243390178,
              -4.612580914377645,
              0
            ],
            [
              39.27999042421874,
              -4.6129165629489535,
              0
            ]
          ]
        ]
      },
      "properties": {
        "OGC_FID": 27,
        "OBJECTID": 28,
        "OID_": 0,
        "Name": "Bumbu_ya_Nyota",
        "SymbolID": 0,
        "AltMode": 0,
        "Base": 0,
        "Clamped": -1,
        "Extruded": 0,
        "Snippet": null,
        "PopupInfo": null,
        "Shape_Leng": 0.00641122347922,
        "Shape_Le_1": 0.00641122364628,
        "Shape_Area": 0.00000299882934297
      }
    },
    {
      "type": "Feature",
      "geometry": {
        "type": "Polygon",
        "coordinates": [
          [
            [
              39.27834313512761,
              -4.609333603662833,
              0
            ],
            [
              39.278533848058714,
              -4.6089061091295775,
              0
            ],
            [
              39.27896836000184,
              -4.608718370256554,
              0
            ],
            [
              39.27929459177204,
              -4.608706720438761,
              0
            ],
            [
              39.279540791974,
              -4.60880474834039,
              0
            ],
            [
              39.27973340966918,
              -4.609021331169458,
              0
            ],
            [
              39.27987189627106,
              -4.609422707591818,
              0
            ],
            [
              39.27991979686118,
              -4.609728361974305,
              0
            ],
            [
              39.27991390540245,
              -4.610097775591839,
              0
            ],
            [
              39.2798643266774,
              -4.61039519668094,
              0
            ],
            [
              39.27972522493923,
              -4.610516749947976,
              0
            ],
            [
              39.2795612560472,
              -4.610623557930808,
              0
            ],
            [
              39.27930202287013,
              -4.610709999866572,
              0
            ],
            [
              39.27904628355918,
              -4.610713410995061,
              0
            ],
            [
              39.27872525166907,
              -4.6106860239407865,
              0
            ],
            [
              39.27843243061221,
              -4.610391442910725,
              0
            ],
            [
              39.27824843201955,
              -4.609813230096449,
              0
            ],
            [
              39.27834313512761,
              -4.609333603662833,
              0
            ]
          ]
        ]
      },
      "properties": {
        "OGC_FID": 28,
        "OBJECTID": 29,
        "OID_": 0,
        "Name": "Bumbu_ya_Tope",
        "SymbolID": 0,
        "AltMode": 0,
        "Base": 0,
        "Clamped": -1,
        "Extruded": 0,
        "Snippet": null,
        "PopupInfo": null,
        "Shape_Leng": 0.00597035959588,
        "Shape_Le_1": 0.00597035884591,
        "Shape_Area": 0.00000271283507228
      }
    },
    {
      "type": "Feature",
      "geometry": {
        "type": "Polygon",
        "coordinates": [
          [
            [
              39.27927544700435,
              -4.607543870053519,
              0
            ],
            [
              39.278828185372504,
              -4.607350220835997,
              0
            ],
            [
              39.27862613468841,
              -4.606824993378666,
              0
            ],
            [
              39.27859814508838,
              -4.6062850997774945,
              0
            ],
            [
              39.27880860083633,
              -4.605888985288402,
              0
            ],
            [
              39.27913802160248,
              -4.605709080409667,
              0
            ],
            [
              39.279349489987,
              -4.6057677278982965,
              0
            ],
            [
              39.27945425920677,
              -4.605799971291617,
              0
            ],
            [
              39.27962780677791,
              -4.6059203392521795,
              0
            ],
            [
              39.27977075041986,
              -4.606133517247997,
              0
            ],
            [
              39.279894211148985,
              -4.606353219825166,
              0
            ],
            [
              39.27992702830977,
              -4.606625208086825,
              0
            ],
            [
              39.279926138880285,
              -4.606928403722804,
              0
            ],
            [
              39.27988498500412,
              -4.607235886426963,
              0
            ],
            [
              39.279642739121186,
              -4.607456793196377,
              0
            ],
            [
              39.27927544700435,
              -4.607543870053519,
              0
            ]
          ]
        ]
      },
      "properties": {
        "OGC_FID": 29,
        "OBJECTID": 30,
        "OID_": 0,
        "Name": "Rimbani",
        "SymbolID": 0,
        "AltMode": 0,
        "Base": 0,
        "Clamped": -1,
        "Extruded": 0,
        "Snippet": null,
        "PopupInfo": null,
        "Shape_Leng": 0.00505630590114,
        "Shape_Le_1": 0.0050563056098,
        "Shape_Area": 0.00000190509456457
      }
    },
    {
      "type": "Feature",
      "geometry": {
        "type": "Polygon",
        "coordinates": [
          [
            [
              39.27673922663405,
              -4.599117065100415,
              0
            ],
            [
              39.27602338067453,
              -4.599022984323199,
              0
            ],
            [
              39.275458814172964,
              -4.598381515894175,
              0
            ],
            [
              39.275190494245976,
              -4.597308489794898,
              0
            ],
            [
              39.27537342264537,
              -4.596340621422485,
              0
            ],
            [
              39.275891142562216,
              -4.595908234577337,
              0
            ],
            [
              39.27648112390477,
              -4.596063263308906,
              0
            ],
            [
              39.27688981361405,
              -4.596306573089805,
              0
            ],
            [
              39.27724615918294,
              -4.596725828034494,
              0
            ],
            [
              39.27755149610471,
              -4.597140168184183,
              0
            ],
            [
              39.27766614527644,
              -4.598009919622029,
              0
            ],
            [
              39.27728951459949,
              -4.598699809348659,
              0
            ],
            [
              39.27673922663405,
              -4.599117065100415,
              0
            ]
          ]
        ]
      },
      "properties": {
        "OGC_FID": 30,
        "OBJECTID": 31,
        "OID_": 0,
        "Name": "Kibuzi",
        "SymbolID": 0,
        "AltMode": 0,
        "Base": 0,
        "Clamped": -1,
        "Extruded": 0,
        "Snippet": null,
        "PopupInfo": null,
        "Shape_Leng": 0.00884656796559,
        "Shape_Le_1": 0.00884656852299,
        "Shape_Area": 0.00000577388608089
      }
    },
    {
      "type": "Feature",
      "geometry": {
        "type": "Polygon",
        "coordinates": [
          [
            [
              39.270727783960126,
              -4.588455589653677,
              0
            ],
            [
              39.27031330891214,
              -4.588466772723336,
              0
            ],
            [
              39.269998549793286,
              -4.588158096618827,
              0
            ],
            [
              39.26980042464993,
              -4.587625068442094,
              0
            ],
            [
              39.26995673491541,
              -4.587152823643862,
              0
            ],
            [
              39.270146992789535,
              -4.586880191467628,
              0
            ],
            [
              39.2703957821397,
              -4.5868028920397705,
              0
            ],
            [
              39.270544958083406,
              -4.586796882769875,
              0
            ],
            [
              39.27071003404092,
              -4.586941067476232,
              0
            ],
            [
              39.27085619275914,
              -4.587043380647458,
              0
            ],
            [
              39.27099291489117,
              -4.58723069144321,
              0
            ],
            [
              39.27108431838661,
              -4.587719932528842,
              0
            ],
            [
              39.27106889411425,
              -4.588211001936145,
              0
            ],
            [
              39.270727783960126,
              -4.588455589653677,
              0
            ]
          ]
        ]
      },
      "properties": {
        "OGC_FID": 31,
        "OBJECTID": 32,
        "OID_": 0,
        "Name": "Cheteni",
        "SymbolID": 0,
        "AltMode": 0,
        "Base": 0,
        "Clamped": -1,
        "Extruded": 0,
        "Snippet": null,
        "PopupInfo": null,
        "Shape_Leng": 0.00470210035334,
        "Shape_Le_1": 0.00470210122344,
        "Shape_Area": 0.00000163098350275
      }
    },
    {
      "type": "Feature",
      "geometry": {
        "type": "Polygon",
        "coordinates": [
          [
            [
              39.27019387804506,
              -4.586730386897784,
              0
            ],
            [
              39.27001334993622,
              -4.586630617009348,
              0
            ],
            [
              39.2698544694083,
              -4.586410836191078,
              0
            ],
            [
              39.2698314701463,
              -4.586129187412041,
              0
            ],
            [
              39.26985591821608,
              -4.585871224077664,
              0
            ],
            [
              39.270054490322536,
              -4.585758593883952,
              0
            ],
            [
              39.27024514479763,
              -4.585684302688378,
              0
            ],
            [
              39.2703875389538,
              -4.585780838614767,
              0
            ],
            [
              39.270489963640955,
              -4.585904785877119,
              0
            ],
            [
              39.270569993410504,
              -4.586173632806833,
              0
            ],
            [
              39.27058902666232,
              -4.586326292724209,
              0
            ],
            [
              39.27060436909642,
              -4.586538732376539,
              0
            ],
            [
              39.270505610045916,
              -4.586728163773671,
              0
            ],
            [
              39.27034481306271,
              -4.5867348277500355,
              0
            ],
            [
              39.27019387804506,
              -4.586730386897784,
              0
            ]
          ]
        ]
      },
      "properties": {
        "OGC_FID": 32,
        "OBJECTID": 33,
        "OID_": 0,
        "Name": "Ndimuni",
        "SymbolID": 0,
        "AltMode": 0,
        "Base": 0,
        "Clamped": -1,
        "Extruded": 0,
        "Snippet": null,
        "PopupInfo": null,
        "Shape_Leng": 0.00295780052087,
        "Shape_Le_1": 0.00295780028372,
        "Shape_Area": 6.32055244653e-7
      }
    },
    {
      "type": "Feature",
      "geometry": {
        "type": "Polygon",
        "coordinates": [
          [
            [
              39.26726485269086,
              -4.588460590783598,
              0
            ],
            [
              39.267050168330684,
              -4.58843397984424,
              0
            ],
            [
              39.26679373294445,
              -4.588180921412345,
              0
            ],
            [
              39.266644056977725,
              -4.58781550168402,
              0
            ],
            [
              39.266749525869955,
              -4.587399352098373,
              0
            ],
            [
              39.26696185670437,
              -4.58729331213658,
              0
            ],
            [
              39.267147011825216,
              -4.587297807847506,
              0
            ],
            [
              39.26724665311059,
              -4.587324631026831,
              0
            ],
            [
              39.267345627998395,
              -4.587342381845417,
              0
            ],
            [
              39.26743256725922,
              -4.587355627959823,
              0
            ],
            [
              39.26751821329498,
              -4.587386308331418,
              0
            ],
            [
              39.26759553970243,
              -4.587442465597235,
              0
            ],
            [
              39.26767846528901,
              -4.587480734448263,
              0
            ],
            [
              39.2677644009064,
              -4.58753514882801,
              0
            ],
            [
              39.26783562721249,
              -4.58773155176965,
              0
            ],
            [
              39.267819613884114,
              -4.587922459853587,
              0
            ],
            [
              39.26776859444516,
              -4.588104299174006,
              0
            ],
            [
              39.267671827392974,
              -4.5882712736003555,
              0
            ],
            [
              39.26759670792177,
              -4.588379896415063,
              0
            ],
            [
              39.267435214863326,
              -4.588425049576358,
              0
            ],
            [
              39.26726485269086,
              -4.588460590783598,
              0
            ]
          ]
        ]
      },
      "properties": {
        "OGC_FID": 33,
        "OBJECTID": 34,
        "OID_": 0,
        "Name": "Mapangani",
        "SymbolID": 0,
        "AltMode": 0,
        "Base": 0,
        "Clamped": -1,
        "Extruded": 0,
        "Snippet": null,
        "PopupInfo": null,
        "Shape_Leng": 0.00375074333157,
        "Shape_Le_1": 0.00375074351093,
        "Shape_Area": 0.00000106960473328
      }
    },
    {
      "type": "Feature",
      "geometry": {
        "type": "Polygon",
        "coordinates": [
          [
            [
              39.296740443017086,
              -4.607502432890897,
              0
            ],
            [
              39.29630124830402,
              -4.607278625807908,
              0
            ],
            [
              39.29593043084475,
              -4.606810540374113,
              0
            ],
            [
              39.29579528792226,
              -4.606415355784009,
              0
            ],
            [
              39.29583199285224,
              -4.605619474658965,
              0
            ],
            [
              39.296229259372865,
              -4.605263371007709,
              0
            ],
            [
              39.29665961644821,
              -4.605091329800985,
              0
            ],
            [
              39.29698038123968,
              -4.605060850877521,
              0
            ],
            [
              39.29732051473002,
              -4.605422983583765,
              0
            ],
            [
              39.297397348309005,
              -4.6058683206664455,
              0
            ],
            [
              39.297459441999706,
              -4.606174112645135,
              0
            ],
            [
              39.29761909504526,
              -4.606717546877235,
              0
            ],
            [
              39.297523237207656,
              -4.607219603301985,
              0
            ],
            [
              39.29718228083766,
              -4.607566925073513,
              0
            ],
            [
              39.296740443017086,
              -4.607502432890897,
              0
            ]
          ]
        ]
      },
      "properties": {
        "OGC_FID": 34,
        "OBJECTID": 35,
        "OID_": 0,
        "Name": "Fungu_Dume",
        "SymbolID": 0,
        "AltMode": 0,
        "Base": 0,
        "Clamped": -1,
        "Extruded": 0,
        "Snippet": null,
        "PopupInfo": null,
        "Shape_Leng": 0.00689519107521,
        "Shape_Le_1": 0.00689519154205,
        "Shape_Area": 0.0000034111006123
      }
    },
    {
      "type": "Feature",
      "geometry": {
        "type": "Polygon",
        "coordinates": [
          [
            [
              39.29879390821236,
              -4.610114143253043,
              0
            ],
            [
              39.298344879412696,
              -4.610000629925082,
              0
            ],
            [
              39.29779020995028,
              -4.609365534092092,
              0
            ],
            [
              39.29771646284456,
              -4.608803891286527,
              0
            ],
            [
              39.29790186887618,
              -4.608339126149701,
              0
            ],
            [
              39.298142049016406,
              -4.6080559880933265,
              0
            ],
            [
              39.29849037622995,
              -4.607847257245055,
              0
            ],
            [
              39.29882662644769,
              -4.608074614851546,
              0
            ],
            [
              39.29912034862525,
              -4.608212767804957,
              0
            ],
            [
              39.29942388420494,
              -4.608753887182104,
              0
            ],
            [
              39.299504937403015,
              -4.609388079196435,
              0
            ],
            [
              39.29917655175649,
              -4.609829298283444,
              0
            ],
            [
              39.29879390821236,
              -4.610114143253043,
              0
            ]
          ]
        ]
      },
      "properties": {
        "OGC_FID": 35,
        "OBJECTID": 36,
        "OID_": 0,
        "Name": "Mchumi",
        "SymbolID": 0,
        "AltMode": 0,
        "Base": 0,
        "Clamped": -1,
        "Extruded": 0,
        "Snippet": null,
        "PopupInfo": null,
        "Shape_Leng": 0.00616789290207,
        "Shape_Le_1": 0.00616789308498,
        "Shape_Area": 0.00000282096786869
      }
    },
    {
      "type": "Feature",
      "geometry": {
        "type": "Polygon",
        "coordinates": [
          [
            [
              39.30497123443496,
              -4.613863998724526,
              0
            ],
            [
              39.30466544065763,
              -4.6135806439315274,
              0
            ],
            [
              39.30448452943756,
              -4.613060244035012,
              0
            ],
            [
              39.3044226129133,
              -4.612525635749421,
              0
            ],
            [
              39.30460560336593,
              -4.612199272678254,
              0
            ],
            [
              39.304803472202536,
              -4.611854154245748,
              0
            ],
            [
              39.30505135233807,
              -4.611663425126949,
              0
            ],
            [
              39.3052434016617,
              -4.6117406669981165,
              0
            ],
            [
              39.30542173362613,
              -4.6118391850303055,
              0
            ],
            [
              39.30559861858143,
              -4.611972173177207,
              0
            ],
            [
              39.305831244416424,
              -4.612192349697125,
              0
            ],
            [
              39.30605697335068,
              -4.612582957637358,
              0
            ],
            [
              39.306176193776366,
              -4.613214710690272,
              0
            ],
            [
              39.30594075216402,
              -4.613696651978842,
              0
            ],
            [
              39.30546742638069,
              -4.614088306729911,
              0
            ],
            [
              39.30497123443496,
              -4.613863998724526,
              0
            ]
          ]
        ]
      },
      "properties": {
        "OGC_FID": 36,
        "OBJECTID": 37,
        "OID_": 0,
        "Name": "Kiwe",
        "SymbolID": 0,
        "AltMode": 0,
        "Base": 0,
        "Clamped": -1,
        "Extruded": 0,
        "Snippet": null,
        "PopupInfo": null,
        "Shape_Leng": 0.00633242101176,
        "Shape_Le_1": 0.00633242053604,
        "Shape_Area": 0.00000291944101177
      }
    },
    {
      "type": "Feature",
      "geometry": {
        "type": "Polygon",
        "coordinates": [
          [
            [
              39.304689105417935,
              -4.6106470284375405,
              0
            ],
            [
              39.30474559633228,
              -4.609808549125205,
              0
            ],
            [
              39.30500144805842,
              -4.609166737155135,
              0
            ],
            [
              39.30545462812864,
              -4.608552815859696,
              0
            ],
            [
              39.3062127458216,
              -4.608670245735198,
              0
            ],
            [
              39.3066232638526,
              -4.609348357940291,
              0
            ],
            [
              39.30676548533893,
              -4.610062153445597,
              0
            ],
            [
              39.306660820440584,
              -4.610535299364528,
              0
            ],
            [
              39.30659291712948,
              -4.6108703211083935,
              0
            ],
            [
              39.30653566359007,
              -4.611022817349067,
              0
            ],
            [
              39.30647387387023,
              -4.611190427596114,
              0
            ],
            [
              39.30638505592566,
              -4.6113459266731525,
              0
            ],
            [
              39.30627200934583,
              -4.611453010747823,
              0
            ],
            [
              39.30614864484414,
              -4.611659941153334,
              0
            ],
            [
              39.30592402027736,
              -4.611823479270129,
              0
            ],
            [
              39.30571695137627,
              -4.611719039202228,
              0
            ],
            [
              39.30546163294804,
              -4.611606075360044,
              0
            ],
            [
              39.30522968340324,
              -4.611502549003376,
              0
            ],
            [
              39.30500038775773,
              -4.611216696793065,
              0
            ],
            [
              39.304689105417935,
              -4.6106470284375405,
              0
            ]
          ]
        ]
      },
      "properties": {
        "OGC_FID": 37,
        "OBJECTID": 38,
        "OID_": 0,
        "Name": "Mkimwi",
        "SymbolID": 0,
        "AltMode": 0,
        "Base": 0,
        "Clamped": -1,
        "Extruded": 0,
        "Snippet": null,
        "PopupInfo": null,
        "Shape_Leng": 0.00838428570042,
        "Shape_Le_1": 0.00838428573229,
        "Shape_Area": 0.00000494544011931
      }
    },
    {
      "type": "Feature",
      "geometry": {
        "type": "Polygon",
        "coordinates": [
          [
            [
              39.30654506240478,
              -4.60736345525919,
              0
            ],
            [
              39.30571540813963,
              -4.606885092373091,
              0
            ],
            [
              39.30557689186014,
              -4.605795563714253,
              0
            ],
            [
              39.305736599764316,
              -4.605159400385958,
              0
            ],
            [
              39.306009605159204,
              -4.604694021911541,
              0
            ],
            [
              39.306230761940185,
              -4.604303333931682,
              0
            ],
            [
              39.30641449073619,
              -4.604042990991218,
              0
            ],
            [
              39.306707157109656,
              -4.603805239020517,
              0
            ],
            [
              39.30709929299803,
              -4.603775089248927,
              0
            ],
            [
              39.30749459090271,
              -4.6036840481802415,
              0
            ],
            [
              39.30779943499596,
              -4.60382027298715,
              0
            ],
            [
              39.30797460764211,
              -4.604346010360018,
              0
            ],
            [
              39.30808100913134,
              -4.604556430135119,
              0
            ],
            [
              39.308109147119524,
              -4.604869765627143,
              0
            ],
            [
              39.30806944384983,
              -4.605313413782994,
              0
            ],
            [
              39.30803576064187,
              -4.605674541047165,
              0
            ],
            [
              39.30778789489551,
              -4.6063080621672725,
              0
            ],
            [
              39.307408346817795,
              -4.6069997487393834,
              0
            ],
            [
              39.30654506240478,
              -4.60736345525919,
              0
            ]
          ]
        ]
      },
      "properties": {
        "OGC_FID": 38,
        "OBJECTID": 39,
        "OID_": 0,
        "Name": "Jasimba",
        "SymbolID": 0,
        "AltMode": 0,
        "Base": 0,
        "Clamped": -1,
        "Extruded": 0,
        "Snippet": null,
        "PopupInfo": null,
        "Shape_Leng": 0.00984761171357,
        "Shape_Le_1": 0.00984761184832,
        "Shape_Area": 0.00000683063287944
      }
    },
    {
      "type": "Feature",
      "geometry": {
        "type": "Polygon",
        "coordinates": [
          [
            [
              39.305560850652796,
              -4.601035472808803,
              0
            ],
            [
              39.3053150578437,
              -4.60100326179105,
              0
            ],
            [
              39.305076973123846,
              -4.60079964358863,
              0
            ],
            [
              39.30489170109121,
              -4.600598017384527,
              0
            ],
            [
              39.30468135416123,
              -4.600235449406398,
              0
            ],
            [
              39.3047508717554,
              -4.599875303302554,
              0
            ],
            [
              39.304891916029135,
              -4.599557690634867,
              0
            ],
            [
              39.30506882166884,
              -4.5993385366440975,
              0
            ],
            [
              39.305289589942674,
              -4.5992217219048825,
              0
            ],
            [
              39.30554866393976,
              -4.599344601671987,
              0
            ],
            [
              39.305729523898435,
              -4.599574995389673,
              0
            ],
            [
              39.30598842522568,
              -4.599886028617277,
              0
            ],
            [
              39.30618710255277,
              -4.600375882141179,
              0
            ],
            [
              39.306239330680626,
              -4.600713267303377,
              0
            ],
            [
              39.305998032683135,
              -4.600946203404533,
              0
            ],
            [
              39.30575760972596,
              -4.601039479288488,
              0
            ],
            [
              39.305560850652796,
              -4.601035472808803,
              0
            ]
          ]
        ]
      },
      "properties": {
        "OGC_FID": 39,
        "OBJECTID": 40,
        "OID_": 0,
        "Name": "Vunguvunguni",
        "SymbolID": 0,
        "AltMode": 0,
        "Base": 0,
        "Clamped": -1,
        "Extruded": 0,
        "Snippet": null,
        "PopupInfo": null,
        "Shape_Leng": 0.00514430497163,
        "Shape_Le_1": 0.00514430525238,
        "Shape_Area": 0.00000191677480448
      }
    },
    {
      "type": "Feature",
      "geometry": {
        "type": "Polygon",
        "coordinates": [
          [
            [
              39.30397659324524,
              -4.595689961022856,
              0
            ],
            [
              39.303583548142285,
              -4.595394233357126,
              0
            ],
            [
              39.30348542491248,
              -4.59521572602489,
              0
            ],
            [
              39.30338973344948,
              -4.5949545143392925,
              0
            ],
            [
              39.303362993007795,
              -4.5946086998316105,
              0
            ],
            [
              39.30333881293592,
              -4.594213008023871,
              0
            ],
            [
              39.30339063906678,
              -4.594015428768955,
              0
            ],
            [
              39.30350787019211,
              -4.593801194069783,
              0
            ],
            [
              39.303682291904295,
              -4.593611775263184,
              0
            ],
            [
              39.30391999081496,
              -4.5933947382765155,
              0
            ],
            [
              39.30421459073085,
              -4.593328229813892,
              0
            ],
            [
              39.304505033080886,
              -4.593416766270707,
              0
            ],
            [
              39.30480485535986,
              -4.593579673962722,
              0
            ],
            [
              39.30501727162982,
              -4.593954952059335,
              0
            ],
            [
              39.30518831998501,
              -4.594479601252544,
              0
            ],
            [
              39.30519986907876,
              -4.594885190998696,
              0
            ],
            [
              39.30504036082402,
              -4.595370219659856,
              0
            ],
            [
              39.30458449897549,
              -4.595651929592805,
              0
            ],
            [
              39.30397659324524,
              -4.595689961022856,
              0
            ]
          ]
        ]
      },
      "properties": {
        "OGC_FID": 40,
        "OBJECTID": 41,
        "OID_": 0,
        "Name": "Kigomacha",
        "SymbolID": 0,
        "AltMode": 0,
        "Base": 0,
        "Clamped": -1,
        "Extruded": 0,
        "Snippet": null,
        "PopupInfo": null,
        "Shape_Leng": 0.00673612359948,
        "Shape_Le_1": 0.0067361231236,
        "Shape_Area": 0.00000345261645222
      }
    },
    {
      "type": "Feature",
      "geometry": {
        "type": "Polygon",
        "coordinates": [
          [
            [
              39.31114384011619,
              -4.586436279810414,
              0
            ],
            [
              39.31093095619872,
              -4.586112988823345,
              0
            ],
            [
              39.31074413373483,
              -4.585846927993259,
              0
            ],
            [
              39.31070341063395,
              -4.585450185777404,
              0
            ],
            [
              39.31076557267312,
              -4.585267857225801,
              0
            ],
            [
              39.31087797803633,
              -4.5850291942418835,
              0
            ],
            [
              39.31102619710134,
              -4.584829799255772,
              0
            ],
            [
              39.31125319857631,
              -4.584612648954533,
              0
            ],
            [
              39.31169413797414,
              -4.584413643374887,
              0
            ],
            [
              39.31211165992522,
              -4.584843430280046,
              0
            ],
            [
              39.312272698826064,
              -4.585423415658056,
              0
            ],
            [
              39.312130750733616,
              -4.586049816845502,
              0
            ],
            [
              39.3118572633021,
              -4.586324675743128,
              0
            ],
            [
              39.31154627234264,
              -4.5864786486706635,
              0
            ],
            [
              39.31114384011619,
              -4.586436279810414,
              0
            ]
          ]
        ]
      },
      "properties": {
        "OGC_FID": 41,
        "OBJECTID": 42,
        "OID_": 0,
        "Name": "Kijambani",
        "SymbolID": 0,
        "AltMode": 0,
        "Base": 0,
        "Clamped": -1,
        "Extruded": 0,
        "Snippet": null,
        "PopupInfo": null,
        "Shape_Leng": 0.0055966442971,
        "Shape_Le_1": 0.00559664351196,
        "Shape_Area": 0.00000231553234862
      }
    },
    {
      "type": "Feature",
      "geometry": {
        "type": "Polygon",
        "coordinates": [
          [
            [
              39.310306169294336,
              -4.587133515199525,
              0
            ],
            [
              39.31013937293375,
              -4.586985897780892,
              0
            ],
            [
              39.31006508173817,
              -4.586720749762719,
              0
            ],
            [
              39.31005776215608,
              -4.586473185289208,
              0
            ],
            [
              39.31013326833573,
              -4.586295254422396,
              0
            ],
            [
              39.31023285476249,
              -4.586178988269637,
              0
            ],
            [
              39.31034248841519,
              -4.586150591276692,
              0
            ],
            [
              39.31044175108599,
              -4.5861442348684704,
              0
            ],
            [
              39.31055499821463,
              -4.586160095312096,
              0
            ],
            [
              39.31071524841002,
              -4.586213243446366,
              0
            ],
            [
              39.310799043641,
              -4.586434216765667,
              0
            ],
            [
              39.31079292195585,
              -4.5867500775539725,
              0
            ],
            [
              39.31068737931918,
              -4.587024402254315,
              0
            ],
            [
              39.31052509305863,
              -4.587155401100858,
              0
            ],
            [
              39.310306169294336,
              -4.587133515199525,
              0
            ]
          ]
        ]
      },
      "properties": {
        "OGC_FID": 42,
        "OBJECTID": 43,
        "OID_": 0,
        "Name": "Dimbwini",
        "SymbolID": 0,
        "AltMode": 0,
        "Base": 0,
        "Clamped": -1,
        "Extruded": 0,
        "Snippet": null,
        "PopupInfo": null,
        "Shape_Leng": 0.00286279874091,
        "Shape_Le_1": 0.00286279851325,
        "Shape_Area": 6.09613649019e-7
      }
    },
    {
      "type": "Feature",
      "geometry": {
        "type": "Polygon",
        "coordinates": [
          [
            [
              39.29661389761333,
              -4.5968474487507365,
              0
            ],
            [
              39.29689216674018,
              -4.596470970059158,
              0
            ],
            [
              39.29737477982229,
              -4.596505841271494,
              0
            ],
            [
              39.297630725977285,
              -4.5966375101129415,
              0
            ],
            [
              39.2977445720544,
              -4.596959235380382,
              0
            ],
            [
              39.2977864130126,
              -4.597185594739358,
              0
            ],
            [
              39.29780817300883,
              -4.597382931177265,
              0
            ],
            [
              39.29783147444306,
              -4.597580852174531,
              0
            ],
            [
              39.29779623360935,
              -4.5977395834149775,
              0
            ],
            [
              39.297769968908995,
              -4.59782501721071,
              0
            ],
            [
              39.29771172791396,
              -4.5979044165555365,
              0
            ],
            [
              39.29760609534509,
              -4.5980035461267335,
              0
            ],
            [
              39.297388894681774,
              -4.5981408977841625,
              0
            ],
            [
              39.297052796449464,
              -4.5981001432069775,
              0
            ],
            [
              39.29673367831663,
              -4.597823398431046,
              0
            ],
            [
              39.296612298618754,
              -4.59742575779245,
              0
            ],
            [
              39.29661389761333,
              -4.5968474487507365,
              0
            ]
          ]
        ]
      },
      "properties": {
        "OGC_FID": 43,
        "OBJECTID": 44,
        "OID_": 0,
        "Name": "Lekeoni",
        "SymbolID": 0,
        "AltMode": 0,
        "Base": 0,
        "Clamped": -1,
        "Extruded": 0,
        "Snippet": null,
        "PopupInfo": null,
        "Shape_Leng": 0.00471646458123,
        "Shape_Le_1": 0.00471646474557,
        "Shape_Area": 0.00000164082224849
      }
    },
    {
      "type": "Feature",
      "geometry": {
        "type": "Polygon",
        "coordinates": [
          [
            [
              39.29651609993812,
              -4.59530183790946,
              0
            ],
            [
              39.29685512456439,
              -4.594911212882096,
              0
            ],
            [
              39.297211361315306,
              -4.594911212882096,
              0
            ],
            [
              39.297470966811716,
              -4.595287711358765,
              0
            ],
            [
              39.29757121334086,
              -4.595595380222562,
              0
            ],
            [
              39.2975545713864,
              -4.59575929515529,
              0
            ],
            [
              39.29755319992029,
              -4.595892601662172,
              0
            ],
            [
              39.29754795957075,
              -4.595986920759742,
              0
            ],
            [
              39.29752347912529,
              -4.596064774169918,
              0
            ],
            [
              39.297442960124556,
              -4.596264591837382,
              0
            ],
            [
              39.29715582997761,
              -4.596345710685966,
              0
            ],
            [
              39.29684816920769,
              -4.5962538638247,
              0
            ],
            [
              39.29662065511917,
              -4.595878856424065,
              0
            ],
            [
              39.29651609993812,
              -4.59530183790946,
              0
            ]
          ]
        ]
      },
      "properties": {
        "OGC_FID": 44,
        "OBJECTID": 45,
        "OID_": 0,
        "Name": "Kombeni",
        "SymbolID": 0,
        "AltMode": 0,
        "Base": 0,
        "Clamped": -1,
        "Extruded": 0,
        "Snippet": null,
        "PopupInfo": null,
        "Shape_Leng": 0.0039884448199,
        "Shape_Le_1": 0.00398844487345,
        "Shape_Area": 0.00000114062975868
      }
    }
  ]
}